Domain Code,Domain,Area Code,Area,Year Code,Year,Item Code,Item,Months Code,Months,Unit,Value,Flag,Flag Description,Note
"CP","Consumer Price Indices","277","South Sudan","2008","2008","23013","Consumer Prices, Food Indices (2010 = 100)","7001","January","","69.463","X","International reliable sources (USDA, WTO, World Bank, IMF, UNICEF, UNSD)","2011M6"
"CP","Consumer Price Indices","277","South Sudan","2009","2009","23013","Consumer Prices, Food Indices (2010 = 100)","7001","January","","73.99","X","International reliable sources (USDA, WTO, World Bank, IMF, UNICEF, UNSD)","2011M6"
"CP","Consumer Price Indices","277","South Sudan","2010","2010","23013","Consumer Prices, Food Indices (2010 = 100)","7001","January","","69.364","X","International reliable sources (USDA, WTO, World Bank, IMF, UNICEF, UNSD)","2011M6"
"CP","Consumer Price Indices","277","South Sudan","2011","2011","23013","Consumer Prices, Food Indices (2010 = 100)","7001","January","","90.233","X","International reliable sources (USDA, WTO, World Bank, IMF, UNICEF, UNSD)","2011M6"
"CP","Consumer Price Indices","277","South Sudan","2012","2012","23013","Consumer Prices, Food Indices (2010 = 100)","7001","January","","126.904","X","International reliable sources (USDA, WTO, World Bank, IMF, UNICEF, UNSD)","2011M6"
"CP","Consumer Price Indices","277","South Sudan","2013","2013","23013","Consumer Prices, Food Indices (2010 = 100)","7001","January","","169.687","X","International reliable sources (USDA, WTO, World Bank, IMF, UNICEF, UNSD)","2011M6"
"CP","Consumer Price Indices","277","South Sudan","2014","2014","23013","Consumer Prices, Food Indices (2010 = 100)","7001","January","","157.793","X","International reliable sources (USDA, WTO, World Bank, IMF, UNICEF, UNSD)","2011M6"
"CP","Consumer Price Indices","277","South Sudan","2015","2015","23013","Consumer Prices, Food Indices (2010 = 100)","7001","January","","149.07","X","International reliable sources (USDA, WTO, World Bank, IMF, UNICEF, UNSD)","2011M6"
"CP","Consumer Price Indices","277","South Sudan","2016","2016","23013","Consumer Prices, Food Indices (2010 = 100)","7001","January","","439.431","X","International reliable sources (USDA, WTO, World Bank, IMF, UNICEF, UNSD)","2011M6"
"CP","Consumer Price Indices","277","South Sudan","2008","2008","23013","Consumer Prices, Food Indices (2010 = 100)","7002","February","","62.267","X","International reliable sources (USDA, WTO, World Bank, IMF, UNICEF, UNSD)","2011M6"
"CP","Consumer Price Indices","277","South Sudan","2009","2009","23013","Consumer Prices, Food Indices (2010 = 100)","7002","February","","66.324","X","International reliable sources (USDA, WTO, World Bank, IMF, UNICEF, UNSD)","2011M6"
"CP","Consumer Price Indices","277","South Sudan","2010","2010","23013","Consumer Prices, Food Indices (2010 = 100)","7002","February","","67.389","X","International reliable sources (USDA, WTO, World Bank, IMF, UNICEF, UNSD)","2011M6"
"CP","Consumer Price Indices","277","South Sudan","2011","2011","23013","Consumer Prices, Food Indices (2010 = 100)","7002","February","","90.897","X","International reliable sources (USDA, WTO, World Bank, IMF, UNICEF, UNSD)","2011M6"
"CP","Consumer Price Indices","277","South Sudan","2012","2012","23013","Consumer Prices, Food Indices (2010 = 100)","7002","February","","124.059","X","International reliable sources (USDA, WTO, World Bank, IMF, UNICEF, UNSD)","2011M6"
"CP","Consumer Price Indices","277","South Sudan","2013","2013","23013","Consumer Prices, Food Indices (2010 = 100)","7002","February","","142.108","X","International reliable sources (USDA, WTO, World Bank, IMF, UNICEF, UNSD)","2011M6"
"CP","Consumer Price Indices","277","South Sudan","2014","2014","23013","Consumer Prices, Food Indices (2010 = 100)","7002","February","","150.919","X","International reliable sources (USDA, WTO, World Bank, IMF, UNICEF, UNSD)","2011M6"
"CP","Consumer Price Indices","277","South Sudan","2015","2015","23013","Consumer Prices, Food Indices (2010 = 100)","7002","February","","158.802","X","International reliable sources (USDA, WTO, World Bank, IMF, UNICEF, UNSD)","2011M6"
"CP","Consumer Price Indices","277","South Sudan","2016","2016","23013","Consumer Prices, Food Indices (2010 = 100)","7002","February","","519.503","X","International reliable sources (USDA, WTO, World Bank, IMF, UNICEF, UNSD)","2011M6"
"CP","Consumer Price Indices","277","South Sudan","2008","2008","23013","Consumer Prices, Food Indices (2010 = 100)","7003","March","","61.216","X","International reliable sources (USDA, WTO, World Bank, IMF, UNICEF, UNSD)","2011M6"
"CP","Consumer Price Indices","277","South Sudan","2009","2009","23013","Consumer Prices, Food Indices (2010 = 100)","7003","March","","68.267","X","International reliable sources (USDA, WTO, World Bank, IMF, UNICEF, UNSD)","2011M6"
"CP","Consumer Price Indices","277","South Sudan","2010","2010","23013","Consumer Prices, Food Indices (2010 = 100)","7003","March","","68.933","X","International reliable sources (USDA, WTO, World Bank, IMF, UNICEF, UNSD)","2011M6"
"CP","Consumer Price Indices","277","South Sudan","2011","2011","23013","Consumer Prices, Food Indices (2010 = 100)","7003","March","","85.62","X","International reliable sources (USDA, WTO, World Bank, IMF, UNICEF, UNSD)","2011M6"
"CP","Consumer Price Indices","277","South Sudan","2012","2012","23013","Consumer Prices, Food Indices (2010 = 100)","7003","March","","125.959","X","International reliable sources (USDA, WTO, World Bank, IMF, UNICEF, UNSD)","2011M6"
"CP","Consumer Price Indices","277","South Sudan","2013","2013","23013","Consumer Prices, Food Indices (2010 = 100)","7003","March","","138.806","X","International reliable sources (USDA, WTO, World Bank, IMF, UNICEF, UNSD)","2011M6"
"CP","Consumer Price Indices","277","South Sudan","2014","2014","23013","Consumer Prices, Food Indices (2010 = 100)","7003","March","","142.999","X","International reliable sources (USDA, WTO, World Bank, IMF, UNICEF, UNSD)","2011M6"
"CP","Consumer Price Indices","277","South Sudan","2015","2015","23013","Consumer Prices, Food Indices (2010 = 100)","7003","March","","164.6182316381","X","International reliable sources (USDA, WTO, World Bank, IMF, UNICEF, UNSD)","2011M6"
"CP","Consumer Price Indices","277","South Sudan","2016","2016","23013","Consumer Prices, Food Indices (2010 = 100)","7003","March","","577.1757051365","X","International reliable sources (USDA, WTO, World Bank, IMF, UNICEF, UNSD)","2011M6"
"CP","Consumer Price Indices","277","South Sudan","2007","2007","23013","Consumer Prices, Food Indices (2010 = 100)","7004","April","","48.103","X","International reliable sources (USDA, WTO, World Bank, IMF, UNICEF, UNSD)","2011M6"
"CP","Consumer Price Indices","277","South Sudan","2008","2008","23013","Consumer Prices, Food Indices (2010 = 100)","7004","April","","62.47","X","International reliable sources (USDA, WTO, World Bank, IMF, UNICEF, UNSD)","2011M6"
"CP","Consumer Price Indices","277","South Sudan","2009","2009","23013","Consumer Prices, Food Indices (2010 = 100)","7004","April","","67.996","X","International reliable sources (USDA, WTO, World Bank, IMF, UNICEF, UNSD)","2011M6"
"CP","Consumer Price Indices","277","South Sudan","2010","2010","23013","Consumer Prices, Food Indices (2010 = 100)","7004","April","","70.508","X","International reliable sources (USDA, WTO, World Bank, IMF, UNICEF, UNSD)","2011M6"
"CP","Consumer Price Indices","277","South Sudan","2011","2011","23013","Consumer Prices, Food Indices (2010 = 100)","7004","April","","101.536","X","International reliable sources (USDA, WTO, World Bank, IMF, UNICEF, UNSD)","2011M6"
"CP","Consumer Price Indices","277","South Sudan","2012","2012","23013","Consumer Prices, Food Indices (2010 = 100)","7004","April","","125.4969751308","X","International reliable sources (USDA, WTO, World Bank, IMF, UNICEF, UNSD)","2011M6"
"CP","Consumer Price Indices","277","South Sudan","2013","2013","23013","Consumer Prices, Food Indices (2010 = 100)","7004","April","","144.103","X","International reliable sources (USDA, WTO, World Bank, IMF, UNICEF, UNSD)","2011M6"
"CP","Consumer Price Indices","277","South Sudan","2014","2014","23013","Consumer Prices, Food Indices (2010 = 100)","7004","April","","142.691","X","International reliable sources (USDA, WTO, World Bank, IMF, UNICEF, UNSD)","2011M6"
"CP","Consumer Price Indices","277","South Sudan","2015","2015","23013","Consumer Prices, Food Indices (2010 = 100)","7004","April","","172.062","X","International reliable sources (USDA, WTO, World Bank, IMF, UNICEF, UNSD)","2011M6"
"CP","Consumer Price Indices","277","South Sudan","2016","2016","23013","Consumer Prices, Food Indices (2010 = 100)","7004","April","","671.576","X","International reliable sources (USDA, WTO, World Bank, IMF, UNICEF, UNSD)","2011M6"
"CP","Consumer Price Indices","277","South Sudan","2007","2007","23013","Consumer Prices, Food Indices (2010 = 100)","7005","May","","50.988","X","International reliable sources (USDA, WTO, World Bank, IMF, UNICEF, UNSD)","2011M6"
"CP","Consumer Price Indices","277","South Sudan","2008","2008","23013","Consumer Prices, Food Indices (2010 = 100)","7005","May","","64.649","X","International reliable sources (USDA, WTO, World Bank, IMF, UNICEF, UNSD)","2011M6"
"CP","Consumer Price Indices","277","South Sudan","2009","2009","23013","Consumer Prices, Food Indices (2010 = 100)","7005","May","","66.349","X","International reliable sources (USDA, WTO, World Bank, IMF, UNICEF, UNSD)","2011M6"
"CP","Consumer Price Indices","277","South Sudan","2010","2010","23013","Consumer Prices, Food Indices (2010 = 100)","7005","May","","67.844","X","International reliable sources (USDA, WTO, World Bank, IMF, UNICEF, UNSD)","2011M6"
"CP","Consumer Price Indices","277","South Sudan","2011","2011","23013","Consumer Prices, Food Indices (2010 = 100)","7005","May","","93.777","X","International reliable sources (USDA, WTO, World Bank, IMF, UNICEF, UNSD)","2011M6"
"CP","Consumer Price Indices","277","South Sudan","2012","2012","23013","Consumer Prices, Food Indices (2010 = 100)","7005","May","","173.1924716264","X","International reliable sources (USDA, WTO, World Bank, IMF, UNICEF, UNSD)","2011M6"
"CP","Consumer Price Indices","277","South Sudan","2013","2013","23013","Consumer Prices, Food Indices (2010 = 100)","7005","May","","142.9682176673","X","International reliable sources (USDA, WTO, World Bank, IMF, UNICEF, UNSD)","2011M6"
"CP","Consumer Price Indices","277","South Sudan","2014","2014","23013","Consumer Prices, Food Indices (2010 = 100)","7005","May","","143.468","X","International reliable sources (USDA, WTO, World Bank, IMF, UNICEF, UNSD)","2011M6"
"CP","Consumer Price Indices","277","South Sudan","2015","2015","23013","Consumer Prices, Food Indices (2010 = 100)","7005","May","","202.4790463934","X","International reliable sources (USDA, WTO, World Bank, IMF, UNICEF, UNSD)","2011M6"
"CP","Consumer Price Indices","277","South Sudan","2016","2016","23013","Consumer Prices, Food Indices (2010 = 100)","7005","May","","756.732","X","International reliable sources (USDA, WTO, World Bank, IMF, UNICEF, UNSD)","2011M6"
"CP","Consumer Price Indices","277","South Sudan","2007","2007","23013","Consumer Prices, Food Indices (2010 = 100)","7006","June","","51.328","X","International reliable sources (USDA, WTO, World Bank, IMF, UNICEF, UNSD)","2011M6"
"CP","Consumer Price Indices","277","South Sudan","2008","2008","23013","Consumer Prices, Food Indices (2010 = 100)","7006","June","","64.325","X","International reliable sources (USDA, WTO, World Bank, IMF, UNICEF, UNSD)","2011M6"
"CP","Consumer Price Indices","277","South Sudan","2009","2009","23013","Consumer Prices, Food Indices (2010 = 100)","7006","June","","68.429","X","International reliable sources (USDA, WTO, World Bank, IMF, UNICEF, UNSD)","2011M6"
"CP","Consumer Price Indices","277","South Sudan","2010","2010","23013","Consumer Prices, Food Indices (2010 = 100)","7006","June","","67.856","X","International reliable sources (USDA, WTO, World Bank, IMF, UNICEF, UNSD)","2011M6"
"CP","Consumer Price Indices","277","South Sudan","2011","2011","23013","Consumer Prices, Food Indices (2010 = 100)","7006","June","","100","X","International reliable sources (USDA, WTO, World Bank, IMF, UNICEF, UNSD)","2011M6"
"CP","Consumer Price Indices","277","South Sudan","2012","2012","23013","Consumer Prices, Food Indices (2010 = 100)","7006","June","","172.784","X","International reliable sources (USDA, WTO, World Bank, IMF, UNICEF, UNSD)","2011M6"
"CP","Consumer Price Indices","277","South Sudan","2013","2013","23013","Consumer Prices, Food Indices (2010 = 100)","7006","June","","146.0540425545","X","International reliable sources (USDA, WTO, World Bank, IMF, UNICEF, UNSD)","2011M6"
"CP","Consumer Price Indices","277","South Sudan","2014","2014","23013","Consumer Prices, Food Indices (2010 = 100)","7006","June","","148.681","X","International reliable sources (USDA, WTO, World Bank, IMF, UNICEF, UNSD)","2011M6"
"CP","Consumer Price Indices","277","South Sudan","2015","2015","23013","Consumer Prices, Food Indices (2010 = 100)","7006","June","","244.2617603597","X","International reliable sources (USDA, WTO, World Bank, IMF, UNICEF, UNSD)","2011M6"
"CP","Consumer Price Indices","277","South Sudan","2016","2016","23013","Consumer Prices, Food Indices (2010 = 100)","7006","June","","1157.452038003","X","International reliable sources (USDA, WTO, World Bank, IMF, UNICEF, UNSD)","2011M6"
"CP","Consumer Price Indices","277","South Sudan","2007","2007","23013","Consumer Prices, Food Indices (2010 = 100)","7007","July","","51.186","X","International reliable sources (USDA, WTO, World Bank, IMF, UNICEF, UNSD)","2011M6"
"CP","Consumer Price Indices","277","South Sudan","2008","2008","23013","Consumer Prices, Food Indices (2010 = 100)","7007","July","","68.348","X","International reliable sources (USDA, WTO, World Bank, IMF, UNICEF, UNSD)","2011M6"
"CP","Consumer Price Indices","277","South Sudan","2009","2009","23013","Consumer Prices, Food Indices (2010 = 100)","7007","July","","67.138","X","International reliable sources (USDA, WTO, World Bank, IMF, UNICEF, UNSD)","2011M6"
"CP","Consumer Price Indices","277","South Sudan","2010","2010","23013","Consumer Prices, Food Indices (2010 = 100)","7007","July","","66.63","X","International reliable sources (USDA, WTO, World Bank, IMF, UNICEF, UNSD)","2011M6"
"CP","Consumer Price Indices","277","South Sudan","2011","2011","23013","Consumer Prices, Food Indices (2010 = 100)","7007","July","","104.51","X","International reliable sources (USDA, WTO, World Bank, IMF, UNICEF, UNSD)","2011M6"
"CP","Consumer Price Indices","277","South Sudan","2012","2012","23013","Consumer Prices, Food Indices (2010 = 100)","7007","July","","167.821","X","International reliable sources (USDA, WTO, World Bank, IMF, UNICEF, UNSD)","2011M6"
"CP","Consumer Price Indices","277","South Sudan","2013","2013","23013","Consumer Prices, Food Indices (2010 = 100)","7007","July","","144.0423273518","X","International reliable sources (USDA, WTO, World Bank, IMF, UNICEF, UNSD)","2011M6"
"CP","Consumer Price Indices","277","South Sudan","2014","2014","23013","Consumer Prices, Food Indices (2010 = 100)","7007","July","","150.259","X","International reliable sources (USDA, WTO, World Bank, IMF, UNICEF, UNSD)","2011M6"
"CP","Consumer Price Indices","277","South Sudan","2015","2015","23013","Consumer Prices, Food Indices (2010 = 100)","7007","July","","241.3703754001","X","International reliable sources (USDA, WTO, World Bank, IMF, UNICEF, UNSD)","2011M6"
"CP","Consumer Price Indices","277","South Sudan","2016","2016","23013","Consumer Prices, Food Indices (2010 = 100)","7007","July","","2144.832","X","International reliable sources (USDA, WTO, World Bank, IMF, UNICEF, UNSD)","2011M6"
"CP","Consumer Price Indices","277","South Sudan","2007","2007","23013","Consumer Prices, Food Indices (2010 = 100)","7008","August","","53.22","X","International reliable sources (USDA, WTO, World Bank, IMF, UNICEF, UNSD)","2011M6"
"CP","Consumer Price Indices","277","South Sudan","2008","2008","23013","Consumer Prices, Food Indices (2010 = 100)","7008","August","","66.724","X","International reliable sources (USDA, WTO, World Bank, IMF, UNICEF, UNSD)","2011M6"
"CP","Consumer Price Indices","277","South Sudan","2009","2009","23013","Consumer Prices, Food Indices (2010 = 100)","7008","August","","67.865","X","International reliable sources (USDA, WTO, World Bank, IMF, UNICEF, UNSD)","2011M6"
"CP","Consumer Price Indices","277","South Sudan","2010","2010","23013","Consumer Prices, Food Indices (2010 = 100)","7008","August","","67.247","X","International reliable sources (USDA, WTO, World Bank, IMF, UNICEF, UNSD)","2011M6"
"CP","Consumer Price Indices","277","South Sudan","2011","2011","23013","Consumer Prices, Food Indices (2010 = 100)","7008","August","","113.409","X","International reliable sources (USDA, WTO, World Bank, IMF, UNICEF, UNSD)","2011M6"
"CP","Consumer Price Indices","277","South Sudan","2012","2012","23013","Consumer Prices, Food Indices (2010 = 100)","7008","August","","165.835","X","International reliable sources (USDA, WTO, World Bank, IMF, UNICEF, UNSD)","2011M6"
"CP","Consumer Price Indices","277","South Sudan","2013","2013","23013","Consumer Prices, Food Indices (2010 = 100)","7008","August","","143.9237556498","X","International reliable sources (USDA, WTO, World Bank, IMF, UNICEF, UNSD)","2011M6"
"CP","Consumer Price Indices","277","South Sudan","2014","2014","23013","Consumer Prices, Food Indices (2010 = 100)","7008","August","","156.29","X","International reliable sources (USDA, WTO, World Bank, IMF, UNICEF, UNSD)","2011M6"
"CP","Consumer Price Indices","277","South Sudan","2015","2015","23013","Consumer Prices, Food Indices (2010 = 100)","7008","August","","268.993","X","International reliable sources (USDA, WTO, World Bank, IMF, UNICEF, UNSD)","2011M6"
"CP","Consumer Price Indices","277","South Sudan","2016","2016","23013","Consumer Prices, Food Indices (2010 = 100)","7008","August","","2553.91","X","International reliable sources (USDA, WTO, World Bank, IMF, UNICEF, UNSD)","2011M6"
"CP","Consumer Price Indices","277","South Sudan","2007","2007","23013","Consumer Prices, Food Indices (2010 = 100)","7009","September","","55.645","X","International reliable sources (USDA, WTO, World Bank, IMF, UNICEF, UNSD)","2011M6"
"CP","Consumer Price Indices","277","South Sudan","2008","2008","23013","Consumer Prices, Food Indices (2010 = 100)","7009","September","","68.67","X","International reliable sources (USDA, WTO, World Bank, IMF, UNICEF, UNSD)","2011M6"
"CP","Consumer Price Indices","277","South Sudan","2009","2009","23013","Consumer Prices, Food Indices (2010 = 100)","7009","September","","68.477","X","International reliable sources (USDA, WTO, World Bank, IMF, UNICEF, UNSD)","2011M6"
"CP","Consumer Price Indices","277","South Sudan","2010","2010","23013","Consumer Prices, Food Indices (2010 = 100)","7009","September","","67.197","X","International reliable sources (USDA, WTO, World Bank, IMF, UNICEF, UNSD)","2011M6"
"CP","Consumer Price Indices","277","South Sudan","2011","2011","23013","Consumer Prices, Food Indices (2010 = 100)","7009","September","","113.979","X","International reliable sources (USDA, WTO, World Bank, IMF, UNICEF, UNSD)","2011M6"
"CP","Consumer Price Indices","277","South Sudan","2012","2012","23013","Consumer Prices, Food Indices (2010 = 100)","7009","September","","165.97","X","International reliable sources (USDA, WTO, World Bank, IMF, UNICEF, UNSD)","2011M6"
"CP","Consumer Price Indices","277","South Sudan","2013","2013","23013","Consumer Prices, Food Indices (2010 = 100)","7009","September","","147.4187763221","X","International reliable sources (USDA, WTO, World Bank, IMF, UNICEF, UNSD)","2011M6"
"CP","Consumer Price Indices","277","South Sudan","2014","2014","23013","Consumer Prices, Food Indices (2010 = 100)","7009","September","","145.819","X","International reliable sources (USDA, WTO, World Bank, IMF, UNICEF, UNSD)","2011M6"
"CP","Consumer Price Indices","277","South Sudan","2015","2015","23013","Consumer Prices, Food Indices (2010 = 100)","7009","September","","318.275","X","International reliable sources (USDA, WTO, World Bank, IMF, UNICEF, UNSD)","2011M6"
"CP","Consumer Price Indices","277","South Sudan","2007","2007","23013","Consumer Prices, Food Indices (2010 = 100)","7010","October","","61.415","X","International reliable sources (USDA, WTO, World Bank, IMF, UNICEF, UNSD)","2011M6"
"CP","Consumer Price Indices","277","South Sudan","2008","2008","23013","Consumer Prices, Food Indices (2010 = 100)","7010","October","","67.444","X","International reliable sources (USDA, WTO, World Bank, IMF, UNICEF, UNSD)","2011M6"
"CP","Consumer Price Indices","277","South Sudan","2009","2009","23013","Consumer Prices, Food Indices (2010 = 100)","7010","October","","72.682","X","International reliable sources (USDA, WTO, World Bank, IMF, UNICEF, UNSD)","2011M6"
"CP","Consumer Price Indices","277","South Sudan","2010","2010","23013","Consumer Prices, Food Indices (2010 = 100)","7010","October","","70.865","X","International reliable sources (USDA, WTO, World Bank, IMF, UNICEF, UNSD)","2011M6"
"CP","Consumer Price Indices","277","South Sudan","2011","2011","23013","Consumer Prices, Food Indices (2010 = 100)","7010","October","","129.633","X","International reliable sources (USDA, WTO, World Bank, IMF, UNICEF, UNSD)","2011M6"
"CP","Consumer Price Indices","277","South Sudan","2012","2012","23013","Consumer Prices, Food Indices (2010 = 100)","7010","October","","151.014","X","International reliable sources (USDA, WTO, World Bank, IMF, UNICEF, UNSD)","2011M6"
"CP","Consumer Price Indices","277","South Sudan","2013","2013","23013","Consumer Prices, Food Indices (2010 = 100)","7010","October","","156.249770878","X","International reliable sources (USDA, WTO, World Bank, IMF, UNICEF, UNSD)","2011M6"
"CP","Consumer Price Indices","277","South Sudan","2014","2014","23013","Consumer Prices, Food Indices (2010 = 100)","7010","October","","138.536","X","International reliable sources (USDA, WTO, World Bank, IMF, UNICEF, UNSD)","2011M6"
"CP","Consumer Price Indices","277","South Sudan","2015","2015","23013","Consumer Prices, Food Indices (2010 = 100)","7010","October","","301.6359817745","X","International reliable sources (USDA, WTO, World Bank, IMF, UNICEF, UNSD)","2011M6"
"CP","Consumer Price Indices","277","South Sudan","2007","2007","23013","Consumer Prices, Food Indices (2010 = 100)","7011","November","","60.359","X","International reliable sources (USDA, WTO, World Bank, IMF, UNICEF, UNSD)","2011M6"
"CP","Consumer Price Indices","277","South Sudan","2008","2008","23013","Consumer Prices, Food Indices (2010 = 100)","7011","November","","67.55","X","International reliable sources (USDA, WTO, World Bank, IMF, UNICEF, UNSD)","2011M6"
"CP","Consumer Price Indices","277","South Sudan","2009","2009","23013","Consumer Prices, Food Indices (2010 = 100)","7011","November","","74.656","X","International reliable sources (USDA, WTO, World Bank, IMF, UNICEF, UNSD)","2011M6"
"CP","Consumer Price Indices","277","South Sudan","2010","2010","23013","Consumer Prices, Food Indices (2010 = 100)","7011","November","","69.86","X","International reliable sources (USDA, WTO, World Bank, IMF, UNICEF, UNSD)","2011M6"
"CP","Consumer Price Indices","277","South Sudan","2011","2011","23013","Consumer Prices, Food Indices (2010 = 100)","7011","November","","130.812","X","International reliable sources (USDA, WTO, World Bank, IMF, UNICEF, UNSD)","2011M6"
"CP","Consumer Price Indices","277","South Sudan","2012","2012","23013","Consumer Prices, Food Indices (2010 = 100)","7011","November","","186.675","X","International reliable sources (USDA, WTO, World Bank, IMF, UNICEF, UNSD)","2011M6"
"CP","Consumer Price Indices","277","South Sudan","2013","2013","23013","Consumer Prices, Food Indices (2010 = 100)","7011","November","","153.507","X","International reliable sources (USDA, WTO, World Bank, IMF, UNICEF, UNSD)","2011M6"
"CP","Consumer Price Indices","277","South Sudan","2014","2014","23013","Consumer Prices, Food Indices (2010 = 100)","7011","November","","187.175","X","International reliable sources (USDA, WTO, World Bank, IMF, UNICEF, UNSD)","2011M6"
"CP","Consumer Price Indices","277","South Sudan","2015","2015","23013","Consumer Prices, Food Indices (2010 = 100)","7011","November","","340.0881746626","X","International reliable sources (USDA, WTO, World Bank, IMF, UNICEF, UNSD)","2011M6"
"CP","Consumer Price Indices","277","South Sudan","2007","2007","23013","Consumer Prices, Food Indices (2010 = 100)","7012","December","","59.298","X","International reliable sources (USDA, WTO, World Bank, IMF, UNICEF, UNSD)","2011M6"
"CP","Consumer Price Indices","277","South Sudan","2008","2008","23013","Consumer Prices, Food Indices (2010 = 100)","7012","December","","66.379","X","International reliable sources (USDA, WTO, World Bank, IMF, UNICEF, UNSD)","2011M6"
"CP","Consumer Price Indices","277","South Sudan","2009","2009","23013","Consumer Prices, Food Indices (2010 = 100)","7012","December","","67.415","X","International reliable sources (USDA, WTO, World Bank, IMF, UNICEF, UNSD)","2011M6"
"CP","Consumer Price Indices","277","South Sudan","2010","2010","23013","Consumer Prices, Food Indices (2010 = 100)","7012","December","","80.854","X","International reliable sources (USDA, WTO, World Bank, IMF, UNICEF, UNSD)","2011M6"
"CP","Consumer Price Indices","277","South Sudan","2011","2011","23013","Consumer Prices, Food Indices (2010 = 100)","7012","December","","127.264","X","International reliable sources (USDA, WTO, World Bank, IMF, UNICEF, UNSD)","2011M6"
"CP","Consumer Price Indices","277","South Sudan","2012","2012","23013","Consumer Prices, Food Indices (2010 = 100)","7012","December","","160.3757355069","X","International reliable sources (USDA, WTO, World Bank, IMF, UNICEF, UNSD)","2011M6"
"CP","Consumer Price Indices","277","South Sudan","2013","2013","23013","Consumer Prices, Food Indices (2010 = 100)","7012","December","","144.138","X","International reliable sources (USDA, WTO, World Bank, IMF, UNICEF, UNSD)","2011M6"
"CP","Consumer Price Indices","277","South Sudan","2014","2014","23013","Consumer Prices, Food Indices (2010 = 100)","7012","December","","154.134","X","International reliable sources (USDA, WTO, World Bank, IMF, UNICEF, UNSD)","2011M6"
"CP","Consumer Price Indices","277","South Sudan","2015","2015","23013","Consumer Prices, Food Indices (2010 = 100)","7012","December","","354.556","X","International reliable sources (USDA, WTO, World Bank, IMF, UNICEF, UNSD)","2011M6"
"CP","Consumer Price Indices","277","South Sudan","2008","2008","23012","Consumer Prices, General Indices (2010 = 100)","7001","January","","95.6870092571","X","International reliable sources (USDA, WTO, World Bank, IMF, UNICEF, UNSD)","2010"
"CP","Consumer Price Indices","277","South Sudan","2009","2009","23012","Consumer Prices, General Indices (2010 = 100)","7001","January","","101.6749271905","X","International reliable sources (USDA, WTO, World Bank, IMF, UNICEF, UNSD)","2010"
"CP","Consumer Price Indices","277","South Sudan","2010","2010","23012","Consumer Prices, General Indices (2010 = 100)","7001","January","","100.5131124376","X","International reliable sources (USDA, WTO, World Bank, IMF, UNICEF, UNSD)","2010"
"CP","Consumer Price Indices","277","South Sudan","2011","2011","23012","Consumer Prices, General Indices (2010 = 100)","7001","January","","123.3217951203","X","International reliable sources (USDA, WTO, World Bank, IMF, UNICEF, UNSD)","2010"
"CP","Consumer Price Indices","277","South Sudan","2012","2012","23012","Consumer Prices, General Indices (2010 = 100)","7001","January","","182.2865832135","X","International reliable sources (USDA, WTO, World Bank, IMF, UNICEF, UNSD)","2010"
"CP","Consumer Price Indices","277","South Sudan","2013","2013","23012","Consumer Prices, General Indices (2010 = 100)","7001","January","","246.5494617306","X","International reliable sources (USDA, WTO, World Bank, IMF, UNICEF, UNSD)","2010"
"CP","Consumer Price Indices","277","South Sudan","2014","2014","23012","Consumer Prices, General Indices (2010 = 100)","7001","January","","224.3351333543","X","International reliable sources (USDA, WTO, World Bank, IMF, UNICEF, UNSD)","2010"
"CP","Consumer Price Indices","277","South Sudan","2015","2015","23012","Consumer Prices, General Indices (2010 = 100)","7001","January","","222.6408201731","X","International reliable sources (USDA, WTO, World Bank, IMF, UNICEF, UNSD)","2010"
"CP","Consumer Price Indices","277","South Sudan","2016","2016","23012","Consumer Prices, General Indices (2010 = 100)","7001","January","","586.5981172057","X","International reliable sources (USDA, WTO, World Bank, IMF, UNICEF, UNSD)","2010"
"CP","Consumer Price Indices","277","South Sudan","2017","2017","23012","Consumer Prices, General Indices (2010 = 100)","7001","January","","2767.6077554823","X","International reliable sources (USDA, WTO, World Bank, IMF, UNICEF, UNSD)","2010"
"CP","Consumer Price Indices","277","South Sudan","2008","2008","23012","Consumer Prices, General Indices (2010 = 100)","7002","February","","88.1513496796","X","International reliable sources (USDA, WTO, World Bank, IMF, UNICEF, UNSD)","2010"
"CP","Consumer Price Indices","277","South Sudan","2009","2009","23012","Consumer Prices, General Indices (2010 = 100)","7002","February","","93.6054244916","X","International reliable sources (USDA, WTO, World Bank, IMF, UNICEF, UNSD)","2010"
"CP","Consumer Price Indices","277","South Sudan","2010","2010","23012","Consumer Prices, General Indices (2010 = 100)","7002","February","","98.7179472813","X","International reliable sources (USDA, WTO, World Bank, IMF, UNICEF, UNSD)","2010"
"CP","Consumer Price Indices","277","South Sudan","2011","2011","23012","Consumer Prices, General Indices (2010 = 100)","7002","February","","123.4724007364","X","International reliable sources (USDA, WTO, World Bank, IMF, UNICEF, UNSD)","2010"
"CP","Consumer Price Indices","277","South Sudan","2012","2012","23012","Consumer Prices, General Indices (2010 = 100)","7002","February","","175.8455037388","X","International reliable sources (USDA, WTO, World Bank, IMF, UNICEF, UNSD)","2010"
"CP","Consumer Price Indices","277","South Sudan","2013","2013","23012","Consumer Prices, General Indices (2010 = 100)","7002","February","","218.1495455498","X","International reliable sources (USDA, WTO, World Bank, IMF, UNICEF, UNSD)","2010"
"CP","Consumer Price Indices","277","South Sudan","2014","2014","23012","Consumer Prices, General Indices (2010 = 100)","7002","February","","211.8160415152","X","International reliable sources (USDA, WTO, World Bank, IMF, UNICEF, UNSD)","2010"
"CP","Consumer Price Indices","277","South Sudan","2015","2015","23012","Consumer Prices, General Indices (2010 = 100)","7002","February","","229.8752685184","X","International reliable sources (USDA, WTO, World Bank, IMF, UNICEF, UNSD)","2010"
"CP","Consumer Price Indices","277","South Sudan","2016","2016","23012","Consumer Prices, General Indices (2010 = 100)","7002","February","","695.4641209661","X","International reliable sources (USDA, WTO, World Bank, IMF, UNICEF, UNSD)","2010"
"CP","Consumer Price Indices","277","South Sudan","2017","2017","23012","Consumer Prices, General Indices (2010 = 100)","7002","February","","3657.7034660583","X","International reliable sources (USDA, WTO, World Bank, IMF, UNICEF, UNSD)","2010"
"CP","Consumer Price Indices","277","South Sudan","2008","2008","23012","Consumer Prices, General Indices (2010 = 100)","7003","March","","87.9953652915","X","International reliable sources (USDA, WTO, World Bank, IMF, UNICEF, UNSD)","2010"
"CP","Consumer Price Indices","277","South Sudan","2009","2009","23012","Consumer Prices, General Indices (2010 = 100)","7003","March","","95.7018008801","X","International reliable sources (USDA, WTO, World Bank, IMF, UNICEF, UNSD)","2010"
"CP","Consumer Price Indices","277","South Sudan","2010","2010","23012","Consumer Prices, General Indices (2010 = 100)","7003","March","","98.3925315751","X","International reliable sources (USDA, WTO, World Bank, IMF, UNICEF, UNSD)","2010"
"CP","Consumer Price Indices","277","South Sudan","2011","2011","23012","Consumer Prices, General Indices (2010 = 100)","7003","March","","119.0940803252","X","International reliable sources (USDA, WTO, World Bank, IMF, UNICEF, UNSD)","2010"
"CP","Consumer Price Indices","277","South Sudan","2012","2012","23012","Consumer Prices, General Indices (2010 = 100)","7003","March","","179.6509849316","X","International reliable sources (USDA, WTO, World Bank, IMF, UNICEF, UNSD)","2010"
"CP","Consumer Price Indices","277","South Sudan","2013","2013","23012","Consumer Prices, General Indices (2010 = 100)","7003","March","","204.9715541401","X","International reliable sources (USDA, WTO, World Bank, IMF, UNICEF, UNSD)","2010"
"CP","Consumer Price Indices","277","South Sudan","2014","2014","23012","Consumer Prices, General Indices (2010 = 100)","7003","March","","205.7649230107","X","International reliable sources (USDA, WTO, World Bank, IMF, UNICEF, UNSD)","2010"
"CP","Consumer Price Indices","277","South Sudan","2015","2015","23012","Consumer Prices, General Indices (2010 = 100)","7003","March","","234.0303698914","X","International reliable sources (USDA, WTO, World Bank, IMF, UNICEF, UNSD)","2010"
"CP","Consumer Price Indices","277","South Sudan","2016","2016","23012","Consumer Prices, General Indices (2010 = 100)","7003","March","","807.9384473216","X","International reliable sources (USDA, WTO, World Bank, IMF, UNICEF, UNSD)","2010"
"CP","Consumer Price Indices","277","South Sudan","2007","2007","23012","Consumer Prices, General Indices (2010 = 100)","7004","April","","71.9222498507","X","International reliable sources (USDA, WTO, World Bank, IMF, UNICEF, UNSD)","2010"
"CP","Consumer Price Indices","277","South Sudan","2008","2008","23012","Consumer Prices, General Indices (2010 = 100)","7004","April","","90.4400171672","X","International reliable sources (USDA, WTO, World Bank, IMF, UNICEF, UNSD)","2010"
"CP","Consumer Price Indices","277","South Sudan","2009","2009","23012","Consumer Prices, General Indices (2010 = 100)","7004","April","","98.4638003041","X","International reliable sources (USDA, WTO, World Bank, IMF, UNICEF, UNSD)","2010"
"CP","Consumer Price Indices","277","South Sudan","2010","2010","23012","Consumer Prices, General Indices (2010 = 100)","7004","April","","99.4844222919","X","International reliable sources (USDA, WTO, World Bank, IMF, UNICEF, UNSD)","2010"
"CP","Consumer Price Indices","277","South Sudan","2011","2011","23012","Consumer Prices, General Indices (2010 = 100)","7004","April","","137.1183453104","X","International reliable sources (USDA, WTO, World Bank, IMF, UNICEF, UNSD)","2010"
"CP","Consumer Price Indices","277","South Sudan","2012","2012","23012","Consumer Prices, General Indices (2010 = 100)","7004","April","","177.7280739402","X","International reliable sources (USDA, WTO, World Bank, IMF, UNICEF, UNSD)","2010"
"CP","Consumer Price Indices","277","South Sudan","2013","2013","23012","Consumer Prices, General Indices (2010 = 100)","7004","April","","206.181777841","X","International reliable sources (USDA, WTO, World Bank, IMF, UNICEF, UNSD)","2010"
"CP","Consumer Price Indices","277","South Sudan","2014","2014","23012","Consumer Prices, General Indices (2010 = 100)","7004","April","","244.7744669693","X","International reliable sources (USDA, WTO, World Bank, IMF, UNICEF, UNSD)","2010"
"CP","Consumer Price Indices","277","South Sudan","2015","2015","23012","Consumer Prices, General Indices (2010 = 100)","7004","April","","250.7986916137","X","International reliable sources (USDA, WTO, World Bank, IMF, UNICEF, UNSD)","2010"
"CP","Consumer Price Indices","277","South Sudan","2016","2016","23012","Consumer Prices, General Indices (2010 = 100)","7004","April","","918.8583108191","X","International reliable sources (USDA, WTO, World Bank, IMF, UNICEF, UNSD)","2010"
"CP","Consumer Price Indices","277","South Sudan","2007","2007","23012","Consumer Prices, General Indices (2010 = 100)","7005","May","","75.9038858266","X","International reliable sources (USDA, WTO, World Bank, IMF, UNICEF, UNSD)","2010"
"CP","Consumer Price Indices","277","South Sudan","2008","2008","23012","Consumer Prices, General Indices (2010 = 100)","7005","May","","93.8232647577","X","International reliable sources (USDA, WTO, World Bank, IMF, UNICEF, UNSD)","2010"
"CP","Consumer Price Indices","277","South Sudan","2009","2009","23012","Consumer Prices, General Indices (2010 = 100)","7005","May","","97.6018520905","X","International reliable sources (USDA, WTO, World Bank, IMF, UNICEF, UNSD)","2010"
"CP","Consumer Price Indices","277","South Sudan","2010","2010","23012","Consumer Prices, General Indices (2010 = 100)","7005","May","","98.9599920215","X","International reliable sources (USDA, WTO, World Bank, IMF, UNICEF, UNSD)","2010"
"CP","Consumer Price Indices","277","South Sudan","2011","2011","23012","Consumer Prices, General Indices (2010 = 100)","7005","May","","128.1989966349","X","International reliable sources (USDA, WTO, World Bank, IMF, UNICEF, UNSD)","2010"
"CP","Consumer Price Indices","277","South Sudan","2012","2012","23012","Consumer Prices, General Indices (2010 = 100)","7005","May","","230.1307601886","X","International reliable sources (USDA, WTO, World Bank, IMF, UNICEF, UNSD)","2010"
"CP","Consumer Price Indices","277","South Sudan","2013","2013","23012","Consumer Prices, General Indices (2010 = 100)","7005","May","","208.857716913","X","International reliable sources (USDA, WTO, World Bank, IMF, UNICEF, UNSD)","2010"
"CP","Consumer Price Indices","277","South Sudan","2014","2014","23012","Consumer Prices, General Indices (2010 = 100)","7005","May","","202.6721291085","X","International reliable sources (USDA, WTO, World Bank, IMF, UNICEF, UNSD)","2010"
"CP","Consumer Price Indices","277","South Sudan","2015","2015","23012","Consumer Prices, General Indices (2010 = 100)","7005","May","","274.457930938","X","International reliable sources (USDA, WTO, World Bank, IMF, UNICEF, UNSD)","2010"
"CP","Consumer Price Indices","277","South Sudan","2016","2016","23012","Consumer Prices, General Indices (2010 = 100)","7005","May","","1108.1238507077","X","International reliable sources (USDA, WTO, World Bank, IMF, UNICEF, UNSD)","2010"
"CP","Consumer Price Indices","277","South Sudan","2007","2007","23012","Consumer Prices, General Indices (2010 = 100)","7006","June","","75.5717466554","X","International reliable sources (USDA, WTO, World Bank, IMF, UNICEF, UNSD)","2010"
"CP","Consumer Price Indices","277","South Sudan","2008","2008","23012","Consumer Prices, General Indices (2010 = 100)","7006","June","","92.9478696141","X","International reliable sources (USDA, WTO, World Bank, IMF, UNICEF, UNSD)","2010"
"CP","Consumer Price Indices","277","South Sudan","2009","2009","23012","Consumer Prices, General Indices (2010 = 100)","7006","June","","99.1482490416","X","International reliable sources (USDA, WTO, World Bank, IMF, UNICEF, UNSD)","2010"
"CP","Consumer Price Indices","277","South Sudan","2010","2010","23012","Consumer Prices, General Indices (2010 = 100)","7006","June","","99.2262412357","X","International reliable sources (USDA, WTO, World Bank, IMF, UNICEF, UNSD)","2010"
"CP","Consumer Price Indices","277","South Sudan","2011","2011","23012","Consumer Prices, General Indices (2010 = 100)","7006","June","","134.4693000985","X","International reliable sources (USDA, WTO, World Bank, IMF, UNICEF, UNSD)","2010"
"CP","Consumer Price Indices","277","South Sudan","2012","2012","23012","Consumer Prices, General Indices (2010 = 100)","7006","June","","234.0572637514","X","International reliable sources (USDA, WTO, World Bank, IMF, UNICEF, UNSD)","2010"
"CP","Consumer Price Indices","277","South Sudan","2013","2013","23012","Consumer Prices, General Indices (2010 = 100)","7006","June","","208.0777949724","X","International reliable sources (USDA, WTO, World Bank, IMF, UNICEF, UNSD)","2010"
"CP","Consumer Price Indices","277","South Sudan","2014","2014","23012","Consumer Prices, General Indices (2010 = 100)","7006","June","","209.3283594633","X","International reliable sources (USDA, WTO, World Bank, IMF, UNICEF, UNSD)","2010"
"CP","Consumer Price Indices","277","South Sudan","2015","2015","23012","Consumer Prices, General Indices (2010 = 100)","7006","June","","335.7563954159","X","International reliable sources (USDA, WTO, World Bank, IMF, UNICEF, UNSD)","2010"
"CP","Consumer Price Indices","277","South Sudan","2016","2016","23012","Consumer Prices, General Indices (2010 = 100)","7006","June","","968.2831483119","X","International reliable sources (USDA, WTO, World Bank, IMF, UNICEF, UNSD)","2010"
"CP","Consumer Price Indices","277","South Sudan","2007","2007","23012","Consumer Prices, General Indices (2010 = 100)","7007","July","","77.822762739","X","International reliable sources (USDA, WTO, World Bank, IMF, UNICEF, UNSD)","2010"
"CP","Consumer Price Indices","277","South Sudan","2008","2008","23012","Consumer Prices, General Indices (2010 = 100)","7007","July","","97.3396369553","X","International reliable sources (USDA, WTO, World Bank, IMF, UNICEF, UNSD)","2010"
"CP","Consumer Price Indices","277","South Sudan","2009","2009","23012","Consumer Prices, General Indices (2010 = 100)","7007","July","","97.4458677024","X","International reliable sources (USDA, WTO, World Bank, IMF, UNICEF, UNSD)","2010"
"CP","Consumer Price Indices","277","South Sudan","2010","2010","23012","Consumer Prices, General Indices (2010 = 100)","7007","July","","97.3799777453","X","International reliable sources (USDA, WTO, World Bank, IMF, UNICEF, UNSD)","2010"
"CP","Consumer Price Indices","277","South Sudan","2011","2011","23012","Consumer Prices, General Indices (2010 = 100)","7007","July","","142.3357541543","X","International reliable sources (USDA, WTO, World Bank, IMF, UNICEF, UNSD)","2010"
"CP","Consumer Price Indices","277","South Sudan","2012","2012","23012","Consumer Prices, General Indices (2010 = 100)","7007","July","","228.9474303477","X","International reliable sources (USDA, WTO, World Bank, IMF, UNICEF, UNSD)","2010"
"CP","Consumer Price Indices","277","South Sudan","2013","2013","23012","Consumer Prices, General Indices (2010 = 100)","7007","July","","207.0289344316","X","International reliable sources (USDA, WTO, World Bank, IMF, UNICEF, UNSD)","2010"
"CP","Consumer Price Indices","277","South Sudan","2014","2014","23012","Consumer Prices, General Indices (2010 = 100)","7007","July","","212.4346002956","X","International reliable sources (USDA, WTO, World Bank, IMF, UNICEF, UNSD)","2010"
"CP","Consumer Price Indices","277","South Sudan","2015","2015","23012","Consumer Prices, General Indices (2010 = 100)","7007","July","","322.6052978663","X","International reliable sources (USDA, WTO, World Bank, IMF, UNICEF, UNSD)","2010"
"CP","Consumer Price Indices","277","South Sudan","2016","2016","23012","Consumer Prices, General Indices (2010 = 100)","7007","July","","1772.5719597312","X","International reliable sources (USDA, WTO, World Bank, IMF, UNICEF, UNSD)","2010"
"CP","Consumer Price Indices","277","South Sudan","2007","2007","23012","Consumer Prices, General Indices (2010 = 100)","7008","August","","79.162076968","X","International reliable sources (USDA, WTO, World Bank, IMF, UNICEF, UNSD)","2010"
"CP","Consumer Price Indices","277","South Sudan","2008","2008","23012","Consumer Prices, General Indices (2010 = 100)","7008","August","","97.1728950232","X","International reliable sources (USDA, WTO, World Bank, IMF, UNICEF, UNSD)","2010"
"CP","Consumer Price Indices","277","South Sudan","2009","2009","23012","Consumer Prices, General Indices (2010 = 100)","7008","August","","97.6919465216","X","International reliable sources (USDA, WTO, World Bank, IMF, UNICEF, UNSD)","2010"
"CP","Consumer Price Indices","277","South Sudan","2010","2010","23012","Consumer Prices, General Indices (2010 = 100)","7008","August","","98.8228333354","X","International reliable sources (USDA, WTO, World Bank, IMF, UNICEF, UNSD)","2010"
"CP","Consumer Price Indices","277","South Sudan","2011","2011","23012","Consumer Prices, General Indices (2010 = 100)","7008","August","","159.8167631671","X","International reliable sources (USDA, WTO, World Bank, IMF, UNICEF, UNSD)","2010"
"CP","Consumer Price Indices","277","South Sudan","2012","2012","23012","Consumer Prices, General Indices (2010 = 100)","7008","August","","229.0415588578","X","International reliable sources (USDA, WTO, World Bank, IMF, UNICEF, UNSD)","2010"
"CP","Consumer Price Indices","277","South Sudan","2013","2013","23012","Consumer Prices, General Indices (2010 = 100)","7008","August","","206.5582918813","X","International reliable sources (USDA, WTO, World Bank, IMF, UNICEF, UNSD)","2010"
"CP","Consumer Price Indices","277","South Sudan","2014","2014","23012","Consumer Prices, General Indices (2010 = 100)","7008","August","","224.4292618644","X","International reliable sources (USDA, WTO, World Bank, IMF, UNICEF, UNSD)","2010"
"CP","Consumer Price Indices","277","South Sudan","2015","2015","23012","Consumer Prices, General Indices (2010 = 100)","7008","August","","356.0747066608","X","International reliable sources (USDA, WTO, World Bank, IMF, UNICEF, UNSD)","2010"
"CP","Consumer Price Indices","277","South Sudan","2016","2016","23012","Consumer Prices, General Indices (2010 = 100)","7008","August","","1871.7149088495","X","International reliable sources (USDA, WTO, World Bank, IMF, UNICEF, UNSD)","2010"
"CP","Consumer Price Indices","277","South Sudan","2007","2007","23012","Consumer Prices, General Indices (2010 = 100)","7009","September","","83.5914957132","X","International reliable sources (USDA, WTO, World Bank, IMF, UNICEF, UNSD)","2010"
"CP","Consumer Price Indices","277","South Sudan","2008","2008","23012","Consumer Prices, General Indices (2010 = 100)","7009","September","","97.2885386213","X","International reliable sources (USDA, WTO, World Bank, IMF, UNICEF, UNSD)","2010"
"CP","Consumer Price Indices","277","South Sudan","2009","2009","23012","Consumer Prices, General Indices (2010 = 100)","7009","September","","98.7582880713","X","International reliable sources (USDA, WTO, World Bank, IMF, UNICEF, UNSD)","2010"
"CP","Consumer Price Indices","277","South Sudan","2010","2010","23012","Consumer Prices, General Indices (2010 = 100)","7009","September","","96.8246195359","X","International reliable sources (USDA, WTO, World Bank, IMF, UNICEF, UNSD)","2010"
"CP","Consumer Price Indices","277","South Sudan","2011","2011","23012","Consumer Prices, General Indices (2010 = 100)","7009","September","","160.7580482678","X","International reliable sources (USDA, WTO, World Bank, IMF, UNICEF, UNSD)","2010"
"CP","Consumer Price Indices","277","South Sudan","2012","2012","23012","Consumer Prices, General Indices (2010 = 100)","7009","September","","229.6735645682","X","International reliable sources (USDA, WTO, World Bank, IMF, UNICEF, UNSD)","2010"
"CP","Consumer Price Indices","277","South Sudan","2013","2013","23012","Consumer Prices, General Indices (2010 = 100)","7009","September","","213.1472875861","X","International reliable sources (USDA, WTO, World Bank, IMF, UNICEF, UNSD)","2010"
"CP","Consumer Price Indices","277","South Sudan","2014","2014","23012","Consumer Prices, General Indices (2010 = 100)","7009","September","","213.8330810166","X","International reliable sources (USDA, WTO, World Bank, IMF, UNICEF, UNSD)","2010"
"CP","Consumer Price Indices","277","South Sudan","2015","2015","23012","Consumer Prices, General Indices (2010 = 100)","7009","September","","408.9614823896","X","International reliable sources (USDA, WTO, World Bank, IMF, UNICEF, UNSD)","2010"
"CP","Consumer Price Indices","277","South Sudan","2016","2016","23012","Consumer Prices, General Indices (2010 = 100)","7009","September","","2655.924976809","X","International reliable sources (USDA, WTO, World Bank, IMF, UNICEF, UNSD)","2010"
"CP","Consumer Price Indices","277","South Sudan","2007","2007","23012","Consumer Prices, General Indices (2010 = 100)","7010","October","","88.0733574855","X","International reliable sources (USDA, WTO, World Bank, IMF, UNICEF, UNSD)","2010"
"CP","Consumer Price Indices","277","South Sudan","2008","2008","23012","Consumer Prices, General Indices (2010 = 100)","7010","October","","97.1056603731","X","International reliable sources (USDA, WTO, World Bank, IMF, UNICEF, UNSD)","2010"
"CP","Consumer Price Indices","277","South Sudan","2009","2009","23012","Consumer Prices, General Indices (2010 = 100)","7010","October","","103.733652175","X","International reliable sources (USDA, WTO, World Bank, IMF, UNICEF, UNSD)","2010"
"CP","Consumer Price Indices","277","South Sudan","2010","2010","23012","Consumer Prices, General Indices (2010 = 100)","7010","October","","100.5305934466","X","International reliable sources (USDA, WTO, World Bank, IMF, UNICEF, UNSD)","2010"
"CP","Consumer Price Indices","277","South Sudan","2011","2011","23012","Consumer Prices, General Indices (2010 = 100)","7010","October","","176.100995409","X","International reliable sources (USDA, WTO, World Bank, IMF, UNICEF, UNSD)","2010"
"CP","Consumer Price Indices","277","South Sudan","2012","2012","23012","Consumer Prices, General Indices (2010 = 100)","7010","October","","213.9944441768","X","International reliable sources (USDA, WTO, World Bank, IMF, UNICEF, UNSD)","2010"
"CP","Consumer Price Indices","277","South Sudan","2013","2013","23012","Consumer Prices, General Indices (2010 = 100)","7010","October","","216.5090200886","X","International reliable sources (USDA, WTO, World Bank, IMF, UNICEF, UNSD)","2010"
"CP","Consumer Price Indices","277","South Sudan","2014","2014","23012","Consumer Prices, General Indices (2010 = 100)","7010","October","","205.5497721306","X","International reliable sources (USDA, WTO, World Bank, IMF, UNICEF, UNSD)","2010"
"CP","Consumer Price Indices","277","South Sudan","2015","2015","23012","Consumer Prices, General Indices (2010 = 100)","7010","October","","402.2111235246","X","International reliable sources (USDA, WTO, World Bank, IMF, UNICEF, UNSD)","2010"
"CP","Consumer Price Indices","277","South Sudan","2016","2016","23012","Consumer Prices, General Indices (2010 = 100)","7010","October","","2393.237364578","X","International reliable sources (USDA, WTO, World Bank, IMF, UNICEF, UNSD)","2010"
"CP","Consumer Price Indices","277","South Sudan","2007","2007","23012","Consumer Prices, General Indices (2010 = 100)","7011","November","","88.1150429685","X","International reliable sources (USDA, WTO, World Bank, IMF, UNICEF, UNSD)","2010"
"CP","Consumer Price Indices","277","South Sudan","2008","2008","23012","Consumer Prices, General Indices (2010 = 100)","7011","November","","96.1899244395","X","International reliable sources (USDA, WTO, World Bank, IMF, UNICEF, UNSD)","2010"
"CP","Consumer Price Indices","277","South Sudan","2009","2009","23012","Consumer Prices, General Indices (2010 = 100)","7011","November","","104.7596529347","X","International reliable sources (USDA, WTO, World Bank, IMF, UNICEF, UNSD)","2010"
"CP","Consumer Price Indices","277","South Sudan","2010","2010","23012","Consumer Prices, General Indices (2010 = 100)","7011","November","","101.1357052971","X","International reliable sources (USDA, WTO, World Bank, IMF, UNICEF, UNSD)","2010"
"CP","Consumer Price Indices","277","South Sudan","2011","2011","23012","Consumer Prices, General Indices (2010 = 100)","7011","November","","180.8612086325","X","International reliable sources (USDA, WTO, World Bank, IMF, UNICEF, UNSD)","2010"
"CP","Consumer Price Indices","277","South Sudan","2012","2012","23012","Consumer Prices, General Indices (2010 = 100)","7011","November","","255.0344745668","X","International reliable sources (USDA, WTO, World Bank, IMF, UNICEF, UNSD)","2010"
"CP","Consumer Price Indices","277","South Sudan","2013","2013","23012","Consumer Prices, General Indices (2010 = 100)","7011","November","","219.4001100407","X","International reliable sources (USDA, WTO, World Bank, IMF, UNICEF, UNSD)","2010"
"CP","Consumer Price Indices","277","South Sudan","2014","2014","23012","Consumer Prices, General Indices (2010 = 100)","7011","November","","263.479146613","X","International reliable sources (USDA, WTO, World Bank, IMF, UNICEF, UNSD)","2010"
"CP","Consumer Price Indices","277","South Sudan","2015","2015","23012","Consumer Prices, General Indices (2010 = 100)","7011","November","","457.356983495","X","International reliable sources (USDA, WTO, World Bank, IMF, UNICEF, UNSD)","2010"
"CP","Consumer Price Indices","277","South Sudan","2016","2016","23012","Consumer Prices, General Indices (2010 = 100)","7011","November","","2548.591308105","X","International reliable sources (USDA, WTO, World Bank, IMF, UNICEF, UNSD)","2010"
"CP","Consumer Price Indices","277","South Sudan","2007","2007","23012","Consumer Prices, General Indices (2010 = 100)","7012","December","","84.614807087","X","International reliable sources (USDA, WTO, World Bank, IMF, UNICEF, UNSD)","2010"
"CP","Consumer Price Indices","277","South Sudan","2008","2008","23012","Consumer Prices, General Indices (2010 = 100)","7012","December","","95.4355516659","X","International reliable sources (USDA, WTO, World Bank, IMF, UNICEF, UNSD)","2010"
"CP","Consumer Price Indices","277","South Sudan","2009","2009","23012","Consumer Prices, General Indices (2010 = 100)","7012","December","","97.5413409054","X","International reliable sources (USDA, WTO, World Bank, IMF, UNICEF, UNSD)","2010"
"CP","Consumer Price Indices","277","South Sudan","2010","2010","23012","Consumer Prices, General Indices (2010 = 100)","7012","December","","110.0120237966","X","International reliable sources (USDA, WTO, World Bank, IMF, UNICEF, UNSD)","2010"
"CP","Consumer Price Indices","277","South Sudan","2011","2011","23012","Consumer Prices, General Indices (2010 = 100)","7012","December","","182.1252200534","X","International reliable sources (USDA, WTO, World Bank, IMF, UNICEF, UNSD)","2010"
"CP","Consumer Price Indices","277","South Sudan","2012","2012","23012","Consumer Prices, General Indices (2010 = 100)","7012","December","","228.1002737571","X","International reliable sources (USDA, WTO, World Bank, IMF, UNICEF, UNSD)","2010"
"CP","Consumer Price Indices","277","South Sudan","2013","2013","23012","Consumer Prices, General Indices (2010 = 100)","7012","December","","208.0509011124","X","International reliable sources (USDA, WTO, World Bank, IMF, UNICEF, UNSD)","2010"
"CP","Consumer Price Indices","277","South Sudan","2014","2014","23012","Consumer Prices, General Indices (2010 = 100)","7012","December","","228.6112570975","X","International reliable sources (USDA, WTO, World Bank, IMF, UNICEF, UNSD)","2010"
"CP","Consumer Price Indices","277","South Sudan","2015","2015","23012","Consumer Prices, General Indices (2010 = 100)","7012","December","","479.7595688914","X","International reliable sources (USDA, WTO, World Bank, IMF, UNICEF, UNSD)","2010"
"CP","Consumer Price Indices","277","South Sudan","2016","2016","23012","Consumer Prices, General Indices (2010 = 100)","7012","December","","2781.3092155173","X","International reliable sources (USDA, WTO, World Bank, IMF, UNICEF, UNSD)","2010"
